name,url,last_checked
Fixed Income and Financial Institutions Conference,fifi@moore.sc.edu,
HKUST Accounting Research Symposium,https://acct.hkust.edu.hk/research/research-symposium,2026-07-05
Colorado Summer Accounting Conference,https://acctgresearchconf.colorado.edu/,2026-07-05
Labs International Banking Workshop,https://bankslab.hse.ru/en/bankworkshop,2026-07-05
Haskell & White Corporate Reporting and Governance Conference,https://business.fullerton.edu/engagement/corporate-reporting-and-governance,2026-07-05
J.P. Morgan Center International Commodities Symposium,https://business.ucdenver.edu/jpmorgancenter/jp-morgan-center-commodities-research,2026-07-05
University of Oregon Summer Finance Conference,https://business.uoregon.edu/faculty/departments/finance/conference,2026-07-05
CEIBS-APS Centre for Financial Markets Academic Conference,https://cac.ceibs.edu.cn/,2026-07-05
Canadian Derivatives Institute Conference,https://cdi-icd.org/en/annual-conference/,2026-07-05
Hong Kong Conference on Fintech and AI in Finance,https://cityuhkfintech.com/,2026-07-05
Conference on Corporate Policies and Asset Prices,https://coapfinance.com/,2026-07-05
Duke-Unc Asset Pricing Conference,https://conferences.fuqua.duke.edu/assetpricing/,2026-07-05
Duke Corporate Finance Conference,https://conferences.fuqua.duke.edu/corpfinance/,2026-07-05
Eastern Finance Association Meeting,https://easternfinance.org/,2026-07-05
Emerging Markets Conference,https://emergingmarketsconference.org/submission,2026-07-05
European Winter Finance Conference,https://europeanwinterfinanceconference.wordpress.com,2026-07-05
Finance and Business Analytics Conference,https://fba-conference.com/,2026-07-05
Finance Down Under: Building on the Best from the Cellars of Finance,https://fbe.unimelb.edu.au/conferences/fdu,
Financial Decision-Making Conference,https://fdmconference.pages.dev/,2026-07-05
USTC Frontiers in Finance Conference,https://ffcconf.org/,2026-07-05
University of Connecticut Finance Conference,https://finance.business.uconn.edu/finance-conference/,
Asu Sonoran Winter Finance Conference,https://finance-conference.wpcarey.asu.edu/,
Firs Conference,https://firsociety.org/conference/,
Financial Research Association Annual Meeting,https://fraconference.com/,
Future of Financial Information Conference,https://futfin.info/conference/,2026-07-05
University of Kentucky Finance Conference,https://gatton.uky.edu/financeconference,
MIT GCFP Annual Conference,https://gcfp.mit.edu,2026-07-05
Hanyang Accounting Research Symposium,https://hanyanghars.com/,
Private Markets Research Conference,https://housefinance.dauphine.fr/fr/conferences-de-recherche/annual-private-markets-research-conference.html,2026-07-05
Jackson Hole Finance Group Conference,https://jhfinance.web.unc.edu/,
UT Dallas Finance Conference,https://jindal.utdallas.edu/finance-conference/,2026-07-05
Review of Accounting Studies Conference,https://link.springer.com/journal/11142/updates,
Hawai‘I Accounting Research Conference,https://manoa.hawaii.edu/harc/,
Young Scholars Finance Consortium,https://mays.tamu.edu/departments/finance/young-finance-scholars-consortium/,
Modern Finance Conference,https://mf-conference.com/,2026-07-05
Northern Finance Association Annual Meeting,https://northernfinanceassociation.org/conference/,2026-07-05
Swiss Accounting Research Alpine Camp (SARAC),https://sarac-conference.ch/,
Santiago Finance Workshop,https://sfw.unegocios.cl/,2026-07-05
Bristol Financial Markets Conference,https://sites.google.com/view/fmrg-bristol,2026-07-05
Aarhus Workshop on Strategic Interaction in Corporate Finance,https://sites.google.com/view/hirth-dk/workshops,
Bristol Workshop on Banking and Financial Intermediation,https://sites.google.com/view/uob-banking-group/,
Vienna Festival of Finance Theory,https://sites.google.com/view/vienna-festival-of-finance/startseite,2026-07-05
UNC Tax Symposium,https://tax.unc.edu/events/,
Contemporary Issues in Financial Markets and Banking Online Conference,https://thefinancialreview.org/conferences/,
Utah Winter Accounting Conference,https://utah-wac.org/,
Utah Winter Finance Conference,https://utahwfc.org/,
Western Finance Association Annual Meeting,https://westernfinance.org/,
Wharton Conference on Liquidity and Financial Fragility,https://wifpr.wharton.upenn.edu/wharton-liquidity-conference/,
Accounting and Economics Society Annual Congress,https://www.accountingtheory.org/,
Adam Smith Workshops,https://www.adamsmithworkshop.com/,
International Behavioral Finance Conference,https://www.behaviouralfinance.org/,
Federal Reserve Stress Testing Research Conference,https://www.bostonfed.org/news-and-events/events#/search,2026-07-05
Bretton Woods Accounting and Finance Ski Conference,https://www.brettonwoodsskiconference.com/,
Contemporary Accounting Research Conference,https://www.caaa.ca/journals-and-research/contemporary-accounting-research-car,2026-07-05
CityUHK-CJAR Joint Accounting Research Conference,https://www.cb.cityu.edu.hk/research/cjar/,2026-07-05
Journal of Accounting Research Conference,https://www.chicagobooth.edu/research/chookaszian/journal-of-accounting-research/call-for-papers,2026-07-05
Financial Stability Conference,https://www.clevelandfed.org/events/financial-stability-conference,2026-07-05
Boulder Summer Conference on Consumer Financial Decision Making,https://www.colorado.edu/business/centers/center-research-consumer-financial-decision-making/boulder-summer-conference,
Colorado Finance Summit,https://www.coloradofinancesummit.com,2026-07-05
JAE Conference,https://www.editorialmanager.com/JACEC/,2026-07-05
EFMA Annual Meeting,https://www.efmaefm.org/,
FMA Annual Meeting,https://www.fma.org/,2026-07-05
Itam Finance Conference,https://www.itamfin.com/,
"Arne Ryde Conference on Crypto, Fintech and Payments",https://www.lusem.lu.se/calendar/arne-ryde-conference-crypto-fintech-and-payments,2026-07-05
Forensic Finance Conference,https://www.mccombs.utexas.edu/faculty-research/departments/finance/forensic-finance-conference/,
Texas Finance Festival,https://www.mccombs.utexas.edu/faculty-research/departments/finance/texas-finance-festival/,
EUROFIDAI-ESSEC Paris December Finance Meeting,https://www.paris-december.eu,2026-07-05
Research in Behavioral Finance Conference,https://www.rbfc.eu/,2026-07-05
Ubc Winter Finance Conference,https://www.sauder.ubc.ca/thought-leadership/divisions/finance/conferences,
Australasian Finance and Banking Conference,https://www.unsw.edu.au/business/our-schools/banking-finance/seminars-workshops/australasian-finance-banking-conference,2026-07-05
Villanova Mid-Atlantic Research Conference in Finance,https://www.villanova.edu/university/business/faculty-and-research/academic-departments/finance-real-estate/marc.html,
World Symposium on Investment Research,https://www.wsir.org/,
AFA Conference Calendar (listing),https://afajof.org/conference-calendar/,
AEA Calls for Papers (listing),https://www.aeaweb.org/news?topic=Call+for+Papers&tag=,
AAA Meetings (listing),https://aaahq.org/Meetings/AAA-Meetings,
